class,n,R,s,totalValue,totalWeight,processingTime
00Uncorrelated,n00050,R01000,s000.kp,20995,14721,0.0
00Uncorrelated,n00050,R01000,s001.kp,19836,13585,0.0
00Uncorrelated,n00050,R01000,s002.kp,20561,13767,0.0
00Uncorrelated,n00050,R01000,s003.kp,19789,13568,0.0
00Uncorrelated,n00050,R01000,s004.kp,20961,11616,0.0
00Uncorrelated,n00050,R01000,s005.kp,19780,11921,0.0
00Uncorrelated,n00050,R01000,s006.kp,21334,12015,0.0
00Uncorrelated,n00050,R01000,s007.kp,16763,12820,0.0
00Uncorrelated,n00050,R01000,s008.kp,19399,10954,0.0
00Uncorrelated,n00050,R01000,s009.kp,18331,11457,0.0
00Uncorrelated,n00050,R01000,s010.kp,20167,11420,0.0
00Uncorrelated,n00050,R01000,s011.kp,20361,10695,0.0
00Uncorrelated,n00050,R01000,s012.kp,18751,11126,0.0
00Uncorrelated,n00050,R01000,s013.kp,20056,11760,0.0
00Uncorrelated,n00050,R01000,s014.kp,19031,10634,0.0
00Uncorrelated,n00050,R01000,s015.kp,22377,12218,0.0
00Uncorrelated,n00050,R01000,s016.kp,19232,10474,0.0
00Uncorrelated,n00050,R01000,s017.kp,22989,12530,0.0
00Uncorrelated,n00050,R01000,s018.kp,19043,12340,0.0
00Uncorrelated,n00050,R01000,s019.kp,18181,11085,0.0
00Uncorrelated,n00050,R01000,s020.kp,18971,10295,0.0
00Uncorrelated,n00050,R01000,s021.kp,19729,13367,0.0
00Uncorrelated,n00050,R01000,s022.kp,22275,13425,0.0
00Uncorrelated,n00050,R01000,s023.kp,18428,13692,0.0
00Uncorrelated,n00050,R01000,s024.kp,22133,12661,0.0
00Uncorrelated,n00050,R01000,s025.kp,19038,11827,0.0
00Uncorrelated,n00050,R01000,s026.kp,22137,11017,0.0
00Uncorrelated,n00050,R01000,s027.kp,21482,11504,0.0
00Uncorrelated,n00050,R01000,s028.kp,17374,11784,0.0
00Uncorrelated,n00050,R01000,s029.kp,19451,12935,0.0
00Uncorrelated,n00050,R01000,s030.kp,20160,12766,0.0
00Uncorrelated,n00050,R01000,s031.kp,19729,13398,0.0
00Uncorrelated,n00050,R01000,s032.kp,19653,12064,0.0
00Uncorrelated,n00050,R01000,s033.kp,19915,10843,0.0
00Uncorrelated,n00050,R01000,s034.kp,21003,12836,0.0
00Uncorrelated,n00050,R01000,s035.kp,21180,11871,0.0
00Uncorrelated,n00050,R01000,s036.kp,21892,10774,0.0
00Uncorrelated,n00050,R01000,s037.kp,20563,11491,0.0
00Uncorrelated,n00050,R01000,s038.kp,17682,11802,0.0
00Uncorrelated,n00050,R01000,s039.kp,19603,11361,0.0
00Uncorrelated,n00050,R01000,s040.kp,21368,12111,0.000965118408203125
00Uncorrelated,n00050,R01000,s041.kp,19743,12771,0.000997304916381836
00Uncorrelated,n00050,R01000,s042.kp,18874,12538,0.0
00Uncorrelated,n00050,R01000,s043.kp,20800,13416,0.0
00Uncorrelated,n00050,R01000,s044.kp,18337,11362,0.0
00Uncorrelated,n00050,R01000,s045.kp,20707,11761,0.0
00Uncorrelated,n00050,R01000,s046.kp,19600,10928,0.0
00Uncorrelated,n00050,R01000,s047.kp,19269,12608,0.0
00Uncorrelated,n00050,R01000,s048.kp,17132,12857,0.0
00Uncorrelated,n00050,R01000,s049.kp,18105,13091,0.0
00Uncorrelated,n00050,R01000,s050.kp,22274,10358,0.0
00Uncorrelated,n00050,R01000,s051.kp,20990,14095,0.0
00Uncorrelated,n00050,R01000,s052.kp,19827,13100,0.0
00Uncorrelated,n00050,R01000,s053.kp,18583,11761,0.0
00Uncorrelated,n00050,R01000,s054.kp,21106,12672,0.0
00Uncorrelated,n00050,R01000,s055.kp,19336,12477,0.0
00Uncorrelated,n00050,R01000,s056.kp,18319,11898,0.0
00Uncorrelated,n00050,R01000,s057.kp,21262,11785,0.0
00Uncorrelated,n00050,R01000,s058.kp,17420,12723,0.000995635986328125
00Uncorrelated,n00050,R01000,s059.kp,22072,12170,0.0
00Uncorrelated,n00050,R01000,s060.kp,18578,12943,0.0
00Uncorrelated,n00050,R01000,s061.kp,17728,12184,0.0
00Uncorrelated,n00050,R01000,s062.kp,20093,12049,0.0
00Uncorrelated,n00050,R01000,s063.kp,20632,12031,0.0009996891021728516
00Uncorrelated,n00050,R01000,s064.kp,19407,12984,0.0
00Uncorrelated,n00050,R01000,s065.kp,20158,13294,0.0009646415710449219
00Uncorrelated,n00050,R01000,s066.kp,20710,11684,0.0
00Uncorrelated,n00050,R01000,s067.kp,19676,13683,0.0
00Uncorrelated,n00050,R01000,s068.kp,21191,12987,0.0
00Uncorrelated,n00050,R01000,s069.kp,18544,12844,0.0
00Uncorrelated,n00050,R01000,s070.kp,22432,11670,0.0
00Uncorrelated,n00050,R01000,s071.kp,17000,12279,0.0
00Uncorrelated,n00050,R01000,s072.kp,20193,12924,0.0
00Uncorrelated,n00050,R01000,s073.kp,19788,11841,0.0
00Uncorrelated,n00050,R01000,s074.kp,20362,13125,0.0
00Uncorrelated,n00050,R01000,s075.kp,19216,14019,0.0
00Uncorrelated,n00050,R01000,s076.kp,21482,11004,0.0
00Uncorrelated,n00050,R01000,s077.kp,21136,11970,0.0
00Uncorrelated,n00050,R01000,s078.kp,19828,11319,0.0
00Uncorrelated,n00050,R01000,s079.kp,17993,12615,0.0
00Uncorrelated,n00050,R01000,s080.kp,19287,12366,0.0
00Uncorrelated,n00050,R01000,s081.kp,19473,13322,0.0
00Uncorrelated,n00050,R01000,s082.kp,19371,13075,0.0
00Uncorrelated,n00050,R01000,s083.kp,19444,10766,0.0
00Uncorrelated,n00050,R01000,s084.kp,18339,13782,0.0
00Uncorrelated,n00050,R01000,s085.kp,19500,12818,0.0
00Uncorrelated,n00050,R01000,s086.kp,21777,12457,0.00099945068359375
00Uncorrelated,n00050,R01000,s087.kp,21617,10039,0.0
00Uncorrelated,n00050,R01000,s088.kp,20096,13106,0.0
00Uncorrelated,n00050,R01000,s089.kp,22773,11660,0.0
00Uncorrelated,n00050,R01000,s090.kp,20025,13063,0.0
00Uncorrelated,n00050,R01000,s091.kp,21416,13562,0.0
00Uncorrelated,n00050,R01000,s092.kp,20987,14295,0.0
00Uncorrelated,n00050,R01000,s093.kp,20550,11942,0.0
00Uncorrelated,n00050,R01000,s094.kp,20010,12355,0.0
00Uncorrelated,n00050,R01000,s095.kp,18953,13561,0.0
00Uncorrelated,n00050,R01000,s096.kp,20609,11750,0.0
00Uncorrelated,n00050,R01000,s097.kp,19243,13402,0.0
00Uncorrelated,n00050,R01000,s098.kp,20649,12656,0.0
00Uncorrelated,n00050,R01000,s099.kp,20685,10542,0.0009968280792236328
00Uncorrelated,n00050,R10000,s000.kp,209818,147083,0.0
00Uncorrelated,n00050,R10000,s001.kp,198223,135697,0.0
00Uncorrelated,n00050,R10000,s002.kp,205492,137567,0.0
00Uncorrelated,n00050,R10000,s003.kp,197735,135568,0.0
00Uncorrelated,n00050,R10000,s004.kp,209482,116020,0.0
00Uncorrelated,n00050,R10000,s005.kp,197699,119067,0.0
00Uncorrelated,n00050,R10000,s006.kp,213193,120011,0.0
00Uncorrelated,n00050,R10000,s007.kp,167509,128059,0.000997781753540039
00Uncorrelated,n00050,R10000,s008.kp,193841,109407,0.0009965896606445312
00Uncorrelated,n00050,R10000,s009.kp,183147,114430,0.0
00Uncorrelated,n00050,R10000,s010.kp,201536,114069,0.0
00Uncorrelated,n00050,R10000,s011.kp,203456,106792,0.0
00Uncorrelated,n00050,R10000,s012.kp,187395,111119,0.0009968280792236328
00Uncorrelated,n00050,R10000,s013.kp,200417,117448,0.0
00Uncorrelated,n00050,R10000,s014.kp,190169,106185,0.0
00Uncorrelated,n00050,R10000,s015.kp,223618,122040,0.0
00Uncorrelated,n00050,R10000,s016.kp,192182,104590,0.0
00Uncorrelated,n00050,R10000,s017.kp,229750,125176,0.0
00Uncorrelated,n00050,R10000,s018.kp,190317,123255,0.0
00Uncorrelated,n00050,R10000,s019.kp,181645,110712,0.0
00Uncorrelated,n00050,R10000,s020.kp,189597,102786,0.0
00Uncorrelated,n00050,R10000,s021.kp,197193,133505,0.0
00Uncorrelated,n00050,R10000,s022.kp,222611,134111,0.0
00Uncorrelated,n00050,R10000,s023.kp,184146,136791,0.0
00Uncorrelated,n00050,R10000,s024.kp,221212,126490,0.0
00Uncorrelated,n00050,R10000,s025.kp,190246,118120,0.0
00Uncorrelated,n00050,R10000,s026.kp,221224,110012,0.0
00Uncorrelated,n00050,R10000,s027.kp,214680,114927,0.0
00Uncorrelated,n00050,R10000,s028.kp,173583,117694,0.0
00Uncorrelated,n00050,R10000,s029.kp,194369,129246,0.0009961128234863281
00Uncorrelated,n00050,R10000,s030.kp,201461,127530,0.0
00Uncorrelated,n00050,R10000,s031.kp,197181,133839,0.0
00Uncorrelated,n00050,R10000,s032.kp,196380,120499,0.0
00Uncorrelated,n00050,R10000,s033.kp,199004,108279,0.0
00Uncorrelated,n00050,R10000,s034.kp,209891,128211,0.0
00Uncorrelated,n00050,R10000,s035.kp,211646,118558,0.0
00Uncorrelated,n00050,R10000,s036.kp,218764,107617,0.0009965896606445312
00Uncorrelated,n00050,R10000,s037.kp,205488,114749,0.0
00Uncorrelated,n00050,R10000,s038.kp,176688,117885,0.0
00Uncorrelated,n00050,R10000,s039.kp,195895,113473,0.0
00Uncorrelated,n00050,R10000,s040.kp,213530,120949,0.0
00Uncorrelated,n00050,R10000,s041.kp,197292,127575,0.0
00Uncorrelated,n00050,R10000,s042.kp,188598,125260,0.0
00Uncorrelated,n00050,R10000,s043.kp,207866,134009,0.0
00Uncorrelated,n00050,R10000,s044.kp,183223,113468,0.0
00Uncorrelated,n00050,R10000,s045.kp,206922,117456,0.0
00Uncorrelated,n00050,R10000,s046.kp,195878,109136,0.0
00Uncorrelated,n00050,R10000,s047.kp,192702,126049,0.0
00Uncorrelated,n00050,R10000,s048.kp,171190,128477,0.0
00Uncorrelated,n00050,R10000,s049.kp,180893,130802,0.0
00Uncorrelated,n00050,R10000,s050.kp,222590,103456,0.0009970664978027344
00Uncorrelated,n00050,R10000,s051.kp,209866,140915,0.0
00Uncorrelated,n00050,R10000,s052.kp,198132,130838,0.0
00Uncorrelated,n00050,R10000,s053.kp,185810,117491,0.0
00Uncorrelated,n00050,R10000,s054.kp,210939,126595,0.0
00Uncorrelated,n00050,R10000,s055.kp,193247,124627,0.0009980201721191406
00Uncorrelated,n00050,R10000,s056.kp,183058,118856,0.0
00Uncorrelated,n00050,R10000,s057.kp,212454,117714,0.0
00Uncorrelated,n00050,R10000,s058.kp,174111,127101,0.0
00Uncorrelated,n00050,R10000,s059.kp,220583,121544,0.0
00Uncorrelated,n00050,R10000,s060.kp,185718,130089,0.0
00Uncorrelated,n00050,R10000,s061.kp,177255,122610,0.0
00Uncorrelated,n00050,R10000,s062.kp,200803,120372,0.0
00Uncorrelated,n00050,R10000,s063.kp,206207,120207,0.0
00Uncorrelated,n00050,R10000,s064.kp,194173,129804,0.0
00Uncorrelated,n00050,R10000,s065.kp,201609,132876,0.0
00Uncorrelated,n00050,R10000,s066.kp,206952,116715,0.0
00Uncorrelated,n00050,R10000,s067.kp,196638,136686,0.000997304916381836
00Uncorrelated,n00050,R10000,s068.kp,211761,129697,0.0
00Uncorrelated,n00050,R10000,s069.kp,185279,128300,0.0
00Uncorrelated,n00050,R10000,s070.kp,224205,116638,0.0
00Uncorrelated,n00050,R10000,s071.kp,170319,122997,0.000997781753540039
00Uncorrelated,n00050,R10000,s072.kp,201797,129117,0.0009980201721191406
00Uncorrelated,n00050,R10000,s073.kp,197741,118289,0.0
00Uncorrelated,n00050,R10000,s074.kp,203486,131107,0.0
00Uncorrelated,n00050,R10000,s075.kp,192031,140063,0.0
00Uncorrelated,n00050,R10000,s076.kp,214659,109888,0.0
00Uncorrelated,n00050,R10000,s077.kp,211474,119769,0.0
00Uncorrelated,n00050,R10000,s078.kp,198116,113070,0.0
00Uncorrelated,n00050,R10000,s079.kp,179802,126008,0.0
00Uncorrelated,n00050,R10000,s080.kp,192724,123515,0.0
00Uncorrelated,n00050,R10000,s081.kp,194619,133063,0.0
00Uncorrelated,n00050,R10000,s082.kp,193577,130622,0.0
00Uncorrelated,n00050,R10000,s083.kp,194310,107482,0.0
00Uncorrelated,n00050,R10000,s084.kp,183242,137682,0.000997304916381836
00Uncorrelated,n00050,R10000,s085.kp,194996,128346,0.0
00Uncorrelated,n00050,R10000,s086.kp,217595,124453,0.0
00Uncorrelated,n00050,R10000,s087.kp,216017,100253,0.0
00Uncorrelated,n00050,R10000,s088.kp,200824,130932,0.0
00Uncorrelated,n00050,R10000,s089.kp,227570,116461,0.0
00Uncorrelated,n00050,R10000,s090.kp,200123,130498,0.0
00Uncorrelated,n00050,R10000,s091.kp,213998,135467,0.0
00Uncorrelated,n00050,R10000,s092.kp,209745,142837,0.0
00Uncorrelated,n00050,R10000,s093.kp,205364,119278,0.0
00Uncorrelated,n00050,R10000,s094.kp,199980,123428,0.0
00Uncorrelated,n00050,R10000,s095.kp,189398,135479,0.0
00Uncorrelated,n00050,R10000,s096.kp,205924,117361,0.0
00Uncorrelated,n00050,R10000,s097.kp,192283,133881,0.0
00Uncorrelated,n00050,R10000,s098.kp,206338,126438,0.0
00Uncorrelated,n00050,R10000,s099.kp,206719,105275,0.0
00Uncorrelated,n00100,R01000,s000.kp,46537,22519,0.0009961128234863281
00Uncorrelated,n00100,R01000,s001.kp,41049,22689,0.0
00Uncorrelated,n00100,R01000,s002.kp,45504,21604,0.0
00Uncorrelated,n00100,R01000,s003.kp,43435,24038,0.0009648799896240234
00Uncorrelated,n00100,R01000,s004.kp,38846,25522,0.0
00Uncorrelated,n00100,R01000,s005.kp,42224,28455,0.0
00Uncorrelated,n00100,R01000,s006.kp,41490,25946,0.0
00Uncorrelated,n00100,R01000,s007.kp,38296,23023,0.0009968280792236328
00Uncorrelated,n00100,R01000,s008.kp,37171,25730,0.0
00Uncorrelated,n00100,R01000,s009.kp,36459,24262,0.0
00Uncorrelated,n00100,R01000,s010.kp,39712,26223,0.0
00Uncorrelated,n00100,R01000,s011.kp,38616,26383,0.0
00Uncorrelated,n00100,R01000,s012.kp,37446,25806,0.0
00Uncorrelated,n00100,R01000,s013.kp,40235,21715,0.0
00Uncorrelated,n00100,R01000,s014.kp,37248,26450,0.0
00Uncorrelated,n00100,R01000,s015.kp,42344,25811,0.0009675025939941406
00Uncorrelated,n00100,R01000,s016.kp,36378,24080,0.0
00Uncorrelated,n00100,R01000,s017.kp,43703,24374,0.0
00Uncorrelated,n00100,R01000,s018.kp,39025,25669,0.0
00Uncorrelated,n00100,R01000,s019.kp,37539,23003,0.0
00Uncorrelated,n00100,R01000,s020.kp,37252,24187,0.0
00Uncorrelated,n00100,R01000,s021.kp,42374,24117,0.0
00Uncorrelated,n00100,R01000,s022.kp,45031,23122,0.0
00Uncorrelated,n00100,R01000,s023.kp,39741,24376,0.0
00Uncorrelated,n00100,R01000,s024.kp,41608,23830,0.0
00Uncorrelated,n00100,R01000,s025.kp,37308,24402,0.0
00Uncorrelated,n00100,R01000,s026.kp,42430,23291,0.0
00Uncorrelated,n00100,R01000,s027.kp,39259,25978,0.0
00Uncorrelated,n00100,R01000,s028.kp,38128,23468,0.0
00Uncorrelated,n00100,R01000,s029.kp,42813,24591,0.0
00Uncorrelated,n00100,R01000,s030.kp,41637,22601,0.0009980201721191406
00Uncorrelated,n00100,R01000,s031.kp,39435,22686,0.0
00Uncorrelated,n00100,R01000,s032.kp,40738,24857,0.0
00Uncorrelated,n00100,R01000,s033.kp,38898,23845,0.0009980201721191406
00Uncorrelated,n00100,R01000,s034.kp,40421,26707,0.0
00Uncorrelated,n00100,R01000,s035.kp,39420,22607,0.0
00Uncorrelated,n00100,R01000,s036.kp,39426,25474,0.0009970664978027344
00Uncorrelated,n00100,R01000,s037.kp,40216,24445,0.0
00Uncorrelated,n00100,R01000,s038.kp,37336,24124,0.0
00Uncorrelated,n00100,R01000,s039.kp,37693,22368,0.0
00Uncorrelated,n00100,R01000,s040.kp,41343,23149,0.0009968280792236328
00Uncorrelated,n00100,R01000,s041.kp,39824,26005,0.0
00Uncorrelated,n00100,R01000,s042.kp,39033,24189,0.0009970664978027344
00Uncorrelated,n00100,R01000,s043.kp,41907,24036,0.00099945068359375
00Uncorrelated,n00100,R01000,s044.kp,38466,24347,0.0
00Uncorrelated,n00100,R01000,s045.kp,40023,27169,0.0
00Uncorrelated,n00100,R01000,s046.kp,37251,24005,0.0
00Uncorrelated,n00100,R01000,s047.kp,40984,24919,0.0
00Uncorrelated,n00100,R01000,s048.kp,39139,24401,0.0
00Uncorrelated,n00100,R01000,s049.kp,40871,23328,0.0
00Uncorrelated,n00100,R01000,s050.kp,41412,22807,0.0
00Uncorrelated,n00100,R01000,s051.kp,45629,26204,0.0
00Uncorrelated,n00100,R01000,s052.kp,40641,26018,0.0
00Uncorrelated,n00100,R01000,s053.kp,37840,24922,0.0
00Uncorrelated,n00100,R01000,s054.kp,43101,22842,0.0
00Uncorrelated,n00100,R01000,s055.kp,38471,25621,0.0
00Uncorrelated,n00100,R01000,s056.kp,35911,24419,0.0
00Uncorrelated,n00100,R01000,s057.kp,41336,22838,0.0
00Uncorrelated,n00100,R01000,s058.kp,39431,23762,0.0
00Uncorrelated,n00100,R01000,s059.kp,43524,23082,0.0
00Uncorrelated,n00100,R01000,s060.kp,39257,22713,0.0
00Uncorrelated,n00100,R01000,s061.kp,38597,24582,0.0
00Uncorrelated,n00100,R01000,s062.kp,40036,24849,0.0
00Uncorrelated,n00100,R01000,s063.kp,40283,22440,0.0
00Uncorrelated,n00100,R01000,s064.kp,40039,23539,0.0
00Uncorrelated,n00100,R01000,s065.kp,39846,26031,0.0
00Uncorrelated,n00100,R01000,s066.kp,38515,25629,0.0009975433349609375
00Uncorrelated,n00100,R01000,s067.kp,40730,24321,0.0
00Uncorrelated,n00100,R01000,s068.kp,42619,25139,0.0
00Uncorrelated,n00100,R01000,s069.kp,39627,24747,0.0
00Uncorrelated,n00100,R01000,s070.kp,41180,24141,0.0
00Uncorrelated,n00100,R01000,s071.kp,36820,24847,0.0
00Uncorrelated,n00100,R01000,s072.kp,41177,24797,0.0
00Uncorrelated,n00100,R01000,s073.kp,38047,23581,0.0
00Uncorrelated,n00100,R01000,s074.kp,42927,25853,0.0
00Uncorrelated,n00100,R01000,s075.kp,42339,23844,0.0
00Uncorrelated,n00100,R01000,s076.kp,39566,24970,0.0
00Uncorrelated,n00100,R01000,s077.kp,40417,26189,0.0
00Uncorrelated,n00100,R01000,s078.kp,37863,25168,0.0
00Uncorrelated,n00100,R01000,s079.kp,39974,24910,0.0009982585906982422
00Uncorrelated,n00100,R01000,s080.kp,39497,26244,0.0
00Uncorrelated,n00100,R01000,s081.kp,42228,22526,0.0
00Uncorrelated,n00100,R01000,s082.kp,40556,26157,0.000997304916381836
00Uncorrelated,n00100,R01000,s083.kp,36854,28984,0.0
00Uncorrelated,n00100,R01000,s084.kp,41161,26351,0.0
00Uncorrelated,n00100,R01000,s085.kp,41455,23336,0.0
00Uncorrelated,n00100,R01000,s086.kp,41685,23742,0.0
00Uncorrelated,n00100,R01000,s087.kp,38094,23480,0.0
00Uncorrelated,n00100,R01000,s088.kp,41189,24401,0.0
00Uncorrelated,n00100,R01000,s089.kp,41562,24536,0.0
00Uncorrelated,n00100,R01000,s090.kp,39946,24605,0.0
00Uncorrelated,n00100,R01000,s091.kp,41949,26286,0.0
00Uncorrelated,n00100,R01000,s092.kp,42837,24023,0.0
00Uncorrelated,n00100,R01000,s093.kp,40291,25158,0.0009894371032714844
00Uncorrelated,n00100,R01000,s094.kp,39115,27984,0.0
00Uncorrelated,n00100,R01000,s095.kp,40814,22764,0.0010004043579101562
00Uncorrelated,n00100,R01000,s096.kp,38321,23062,0.0009975433349609375
00Uncorrelated,n00100,R01000,s097.kp,41138,26549,0.0
00Uncorrelated,n00100,R01000,s098.kp,41429,24705,0.0
00Uncorrelated,n00100,R01000,s099.kp,37048,26649,0.0
00Uncorrelated,n00100,R10000,s000.kp,465424,225212,0.0
00Uncorrelated,n00100,R10000,s001.kp,410173,226599,0.0
00Uncorrelated,n00100,R10000,s002.kp,455227,215945,0.0
00Uncorrelated,n00100,R10000,s003.kp,434159,240141,0.0
00Uncorrelated,n00100,R10000,s004.kp,388270,255258,0.0
00Uncorrelated,n00100,R10000,s005.kp,421993,284297,0.0009982585906982422
00Uncorrelated,n00100,R10000,s006.kp,414605,259150,0.0
00Uncorrelated,n00100,R10000,s007.kp,382659,229935,0.000997781753540039
00Uncorrelated,n00100,R10000,s008.kp,371423,257060,0.0
00Uncorrelated,n00100,R10000,s009.kp,364266,242347,0.0
00Uncorrelated,n00100,R10000,s010.kp,396832,261940,0.0
00Uncorrelated,n00100,R10000,s011.kp,385895,263540,0.0
00Uncorrelated,n00100,R10000,s012.kp,374201,257772,0.0
00Uncorrelated,n00100,R10000,s013.kp,402056,216877,0.0
00Uncorrelated,n00100,R10000,s014.kp,372518,264372,0.0
00Uncorrelated,n00100,R10000,s015.kp,423154,257798,0.0
00Uncorrelated,n00100,R10000,s016.kp,363530,240546,0.0
00Uncorrelated,n00100,R10000,s017.kp,436863,243850,0.0
00Uncorrelated,n00100,R10000,s018.kp,389978,256422,0.0
00Uncorrelated,n00100,R10000,s019.kp,375101,229742,0.0
00Uncorrelated,n00100,R10000,s020.kp,372245,241604,0.0
00Uncorrelated,n00100,R10000,s021.kp,423448,240888,0.0
00Uncorrelated,n00100,R10000,s022.kp,450395,230995,0.0
00Uncorrelated,n00100,R10000,s023.kp,397170,243454,0.0
00Uncorrelated,n00100,R10000,s024.kp,415790,237987,0.0
00Uncorrelated,n00100,R10000,s025.kp,373044,244306,0.0
00Uncorrelated,n00100,R10000,s026.kp,424043,232598,0.0
00Uncorrelated,n00100,R10000,s027.kp,392304,259511,0.0
00Uncorrelated,n00100,R10000,s028.kp,380983,234409,0.0
00Uncorrelated,n00100,R10000,s029.kp,427881,245612,0.0
00Uncorrelated,n00100,R10000,s030.kp,416073,225686,0.0
00Uncorrelated,n00100,R10000,s031.kp,394109,226604,0.0
00Uncorrelated,n00100,R10000,s032.kp,407118,248258,0.0
00Uncorrelated,n00100,R10000,s033.kp,388688,238127,0.0009965896606445312
00Uncorrelated,n00100,R10000,s034.kp,403956,266809,0.0
00Uncorrelated,n00100,R10000,s035.kp,393927,225807,0.0
00Uncorrelated,n00100,R10000,s036.kp,393973,254505,0.0
00Uncorrelated,n00100,R10000,s037.kp,401877,244170,0.0009992122650146484
00Uncorrelated,n00100,R10000,s038.kp,373462,241398,0.0
00Uncorrelated,n00100,R10000,s039.kp,376650,223413,0.0
00Uncorrelated,n00100,R10000,s040.kp,413476,231549,0.0
00Uncorrelated,n00100,R10000,s041.kp,397937,259795,0.0
00Uncorrelated,n00100,R10000,s042.kp,390787,242022,0.0009965896606445312
00Uncorrelated,n00100,R10000,s043.kp,418775,240083,0.0
00Uncorrelated,n00100,R10000,s044.kp,384378,243208,0.0
00Uncorrelated,n00100,R10000,s045.kp,399952,271403,0.0
00Uncorrelated,n00100,R10000,s046.kp,372257,239728,0.0
00Uncorrelated,n00100,R10000,s047.kp,409563,248939,0.0
00Uncorrelated,n00100,R10000,s048.kp,391097,243739,0.0
00Uncorrelated,n00100,R10000,s049.kp,408478,233085,0.0
00Uncorrelated,n00100,R10000,s050.kp,413819,227826,0.0
00Uncorrelated,n00100,R10000,s051.kp,455990,261782,0.0009965896606445312
00Uncorrelated,n00100,R10000,s052.kp,406122,259900,0.0
00Uncorrelated,n00100,R10000,s053.kp,378124,248951,0.0
00Uncorrelated,n00100,R10000,s054.kp,430740,228168,0.000995635986328125
00Uncorrelated,n00100,R10000,s055.kp,384457,255931,0.0
00Uncorrelated,n00100,R10000,s056.kp,358851,243958,0.0009975433349609375
00Uncorrelated,n00100,R10000,s057.kp,413391,228211,0.0
00Uncorrelated,n00100,R10000,s058.kp,394106,237328,0.0
00Uncorrelated,n00100,R10000,s059.kp,435351,230612,0.0
00Uncorrelated,n00100,R10000,s060.kp,392309,226865,0.0
00Uncorrelated,n00100,R10000,s061.kp,385840,245634,0.0
00Uncorrelated,n00100,R10000,s062.kp,400381,248409,0.0
00Uncorrelated,n00100,R10000,s063.kp,402589,224100,0.0
00Uncorrelated,n00100,R10000,s064.kp,400268,235384,0.0
00Uncorrelated,n00100,R10000,s065.kp,398228,260073,0.000997781753540039
00Uncorrelated,n00100,R10000,s066.kp,384871,256023,0.0
00Uncorrelated,n00100,R10000,s067.kp,406993,242950,0.0
00Uncorrelated,n00100,R10000,s068.kp,425869,251097,0.0
00Uncorrelated,n00100,R10000,s069.kp,395971,246973,0.0
00Uncorrelated,n00100,R10000,s070.kp,411539,241142,0.0
00Uncorrelated,n00100,R10000,s071.kp,367962,248179,0.0
00Uncorrelated,n00100,R10000,s072.kp,411496,247796,0.0009963512420654297
00Uncorrelated,n00100,R10000,s073.kp,380201,235528,0.0
00Uncorrelated,n00100,R10000,s074.kp,428978,258244,0.0
00Uncorrelated,n00100,R10000,s075.kp,423420,239416,0.0
00Uncorrelated,n00100,R10000,s076.kp,395388,249748,0.0
00Uncorrelated,n00100,R10000,s077.kp,403914,261612,0.0
00Uncorrelated,n00100,R10000,s078.kp,378365,251438,0.0
00Uncorrelated,n00100,R10000,s079.kp,399453,248799,0.0
00Uncorrelated,n00100,R10000,s080.kp,394661,262147,0.0
00Uncorrelated,n00100,R10000,s081.kp,422362,225157,0.0
00Uncorrelated,n00100,R10000,s082.kp,405270,261273,0.0
00Uncorrelated,n00100,R10000,s083.kp,368239,289568,0.0
00Uncorrelated,n00100,R10000,s084.kp,411329,263223,0.0009982585906982422
00Uncorrelated,n00100,R10000,s085.kp,414484,233309,0.0009968280792236328
00Uncorrelated,n00100,R10000,s086.kp,416546,237145,0.000997781753540039
00Uncorrelated,n00100,R10000,s087.kp,380681,234503,0.0
00Uncorrelated,n00100,R10000,s088.kp,411642,243708,0.0
00Uncorrelated,n00100,R10000,s089.kp,415339,245080,0.0
00Uncorrelated,n00100,R10000,s090.kp,399295,246078,0.0
00Uncorrelated,n00100,R10000,s091.kp,419196,262573,0.0
00Uncorrelated,n00100,R10000,s092.kp,428112,240023,0.0
00Uncorrelated,n00100,R10000,s093.kp,402619,251350,0.0009982585906982422
00Uncorrelated,n00100,R10000,s094.kp,390909,279609,0.0
00Uncorrelated,n00100,R10000,s095.kp,407835,227375,0.0
00Uncorrelated,n00100,R10000,s096.kp,382924,230321,0.0
00Uncorrelated,n00100,R10000,s097.kp,411421,265289,0.0
00Uncorrelated,n00100,R10000,s098.kp,414026,246938,0.0
00Uncorrelated,n00100,R10000,s099.kp,370255,266220,0.0
00Uncorrelated,n00200,R01000,s000.kp,84317,50302,0.0009982585906982422
00Uncorrelated,n00200,R01000,s001.kp,78918,48841,0.0
00Uncorrelated,n00200,R01000,s002.kp,80297,51359,0.0
00Uncorrelated,n00200,R01000,s003.kp,81680,49545,0.0
00Uncorrelated,n00200,R01000,s004.kp,84028,51515,0.0
00Uncorrelated,n00200,R01000,s005.kp,86024,47601,0.0
00Uncorrelated,n00200,R01000,s006.kp,85469,48890,0.0
00Uncorrelated,n00200,R01000,s007.kp,78521,48839,0.0009982585906982422
00Uncorrelated,n00200,R01000,s008.kp,78098,52831,0.0
00Uncorrelated,n00200,R01000,s009.kp,78515,48331,0.0009794235229492188
00Uncorrelated,n00200,R01000,s010.kp,80493,47571,0.0009980201721191406
00Uncorrelated,n00200,R01000,s011.kp,81520,50733,0.0009975433349609375
00Uncorrelated,n00200,R01000,s012.kp,78841,49259,0.0
00Uncorrelated,n00200,R01000,s013.kp,76710,48862,0.0
00Uncorrelated,n00200,R01000,s014.kp,81831,49708,0.0009975433349609375
00Uncorrelated,n00200,R01000,s015.kp,83988,53542,0.0009982585906982422
00Uncorrelated,n00200,R01000,s016.kp,78006,48276,0.0
00Uncorrelated,n00200,R01000,s017.kp,83156,47781,0.0
00Uncorrelated,n00200,R01000,s018.kp,80930,51136,0.0015060901641845703
00Uncorrelated,n00200,R01000,s019.kp,74391,49959,0.0009963512420654297
00Uncorrelated,n00200,R01000,s020.kp,76409,48722,0.0009982585906982422
00Uncorrelated,n00200,R01000,s021.kp,81341,49905,0.0
00Uncorrelated,n00200,R01000,s022.kp,82819,46488,0.0
00Uncorrelated,n00200,R01000,s023.kp,79248,52643,0.0
00Uncorrelated,n00200,R01000,s024.kp,82708,53489,0.0
00Uncorrelated,n00200,R01000,s025.kp,78214,51614,0.0009982585906982422
00Uncorrelated,n00200,R01000,s026.kp,78830,48725,0.0
00Uncorrelated,n00200,R01000,s027.kp,83008,52333,0.0
00Uncorrelated,n00200,R01000,s028.kp,77567,48923,0.0
00Uncorrelated,n00200,R01000,s029.kp,81904,48541,0.0
00Uncorrelated,n00200,R01000,s030.kp,80980,47518,0.0
00Uncorrelated,n00200,R01000,s031.kp,76635,49180,0.0009989738464355469
00Uncorrelated,n00200,R01000,s032.kp,81277,45942,0.0
00Uncorrelated,n00200,R01000,s033.kp,77511,50643,0.000997781753540039
00Uncorrelated,n00200,R01000,s034.kp,86653,50397,0.0
00Uncorrelated,n00200,R01000,s035.kp,79800,48150,0.0
00Uncorrelated,n00200,R01000,s036.kp,78498,51083,0.0
00Uncorrelated,n00200,R01000,s037.kp,79706,48684,0.0
00Uncorrelated,n00200,R01000,s038.kp,76124,51703,0.0
00Uncorrelated,n00200,R01000,s039.kp,77011,48612,0.0
00Uncorrelated,n00200,R01000,s040.kp,79539,45970,0.0009648799896240234
00Uncorrelated,n00200,R01000,s041.kp,82470,52679,0.0009644031524658203
00Uncorrelated,n00200,R01000,s042.kp,77681,52006,0.0009648799896240234
00Uncorrelated,n00200,R01000,s043.kp,81824,46836,0.0
00Uncorrelated,n00200,R01000,s044.kp,78213,47381,0.0
00Uncorrelated,n00200,R01000,s045.kp,83235,53294,0.0009627342224121094
00Uncorrelated,n00200,R01000,s046.kp,76775,53120,0.0
00Uncorrelated,n00200,R01000,s047.kp,82152,50479,0.0
00Uncorrelated,n00200,R01000,s048.kp,78328,55872,0.0
00Uncorrelated,n00200,R01000,s049.kp,78753,48161,0.0
00Uncorrelated,n00200,R01000,s050.kp,79203,52536,0.0
00Uncorrelated,n00200,R01000,s051.kp,85891,47271,0.0
00Uncorrelated,n00200,R01000,s052.kp,82919,48587,0.0
00Uncorrelated,n00200,R01000,s053.kp,77059,49062,0.0009965896606445312
00Uncorrelated,n00200,R01000,s054.kp,78199,50166,0.0
00Uncorrelated,n00200,R01000,s055.kp,78707,51080,0.0
00Uncorrelated,n00200,R01000,s056.kp,77623,53222,0.00099945068359375
00Uncorrelated,n00200,R01000,s057.kp,76553,50089,0.0
00Uncorrelated,n00200,R01000,s058.kp,81833,50376,0.0009663105010986328
00Uncorrelated,n00200,R01000,s059.kp,80117,49318,0.0
00Uncorrelated,n00200,R01000,s060.kp,77696,51976,0.0
00Uncorrelated,n00200,R01000,s061.kp,77794,48178,0.0
00Uncorrelated,n00200,R01000,s062.kp,81009,47000,0.0
00Uncorrelated,n00200,R01000,s063.kp,75575,49146,0.0
00Uncorrelated,n00200,R01000,s064.kp,78081,49886,0.0010306835174560547
00Uncorrelated,n00200,R01000,s065.kp,85233,46164,0.0
00Uncorrelated,n00200,R01000,s066.kp,81949,48226,0.0009982585906982422
00Uncorrelated,n00200,R01000,s067.kp,82108,48044,0.0
00Uncorrelated,n00200,R01000,s068.kp,83873,47363,0.0
00Uncorrelated,n00200,R01000,s069.kp,81743,48368,0.0
00Uncorrelated,n00200,R01000,s070.kp,80502,52071,0.0
00Uncorrelated,n00200,R01000,s071.kp,79128,50327,0.0
00Uncorrelated,n00200,R01000,s072.kp,84706,53339,0.0
00Uncorrelated,n00200,R01000,s073.kp,76595,50707,0.0009953975677490234
00Uncorrelated,n00200,R01000,s074.kp,85922,50482,0.0
00Uncorrelated,n00200,R01000,s075.kp,83130,48310,0.0
00Uncorrelated,n00200,R01000,s076.kp,79805,52190,0.0
00Uncorrelated,n00200,R01000,s077.kp,80659,49892,0.0
00Uncorrelated,n00200,R01000,s078.kp,78406,49189,0.0
00Uncorrelated,n00200,R01000,s079.kp,78596,47432,0.0
00Uncorrelated,n00200,R01000,s080.kp,83859,45815,0.0
00Uncorrelated,n00200,R01000,s081.kp,80311,50409,0.0
00Uncorrelated,n00200,R01000,s082.kp,83427,52843,0.0
00Uncorrelated,n00200,R01000,s083.kp,82764,51131,0.0009975433349609375
00Uncorrelated,n00200,R01000,s084.kp,87086,49778,0.0
00Uncorrelated,n00200,R01000,s085.kp,79828,49033,0.0
00Uncorrelated,n00200,R01000,s086.kp,79960,50562,0.0009980201721191406
00Uncorrelated,n00200,R01000,s087.kp,76602,49719,0.0
00Uncorrelated,n00200,R01000,s088.kp,80133,49983,0.0
00Uncorrelated,n00200,R01000,s089.kp,80555,51097,0.0
00Uncorrelated,n00200,R01000,s090.kp,82114,48946,0.0
00Uncorrelated,n00200,R01000,s091.kp,84867,50864,0.0
00Uncorrelated,n00200,R01000,s092.kp,84788,50316,0.0009982585906982422
00Uncorrelated,n00200,R01000,s093.kp,83157,49070,0.0009965896606445312
00Uncorrelated,n00200,R01000,s094.kp,84632,52446,0.0
00Uncorrelated,n00200,R01000,s095.kp,77607,50869,0.0
00Uncorrelated,n00200,R01000,s096.kp,78546,47407,0.0
00Uncorrelated,n00200,R01000,s097.kp,83818,48554,0.0
00Uncorrelated,n00200,R01000,s098.kp,84979,45777,0.0009958744049072266
00Uncorrelated,n00200,R01000,s099.kp,80047,44993,0.0
00Uncorrelated,n00200,R10000,s000.kp,843127,502608,0.000997304916381836
00Uncorrelated,n00200,R10000,s001.kp,788614,488249,0.0009958744049072266
00Uncorrelated,n00200,R10000,s002.kp,802531,513122,0.0
00Uncorrelated,n00200,R10000,s003.kp,816661,494970,0.0
00Uncorrelated,n00200,R10000,s004.kp,839944,514691,0.0
00Uncorrelated,n00200,R10000,s005.kp,859760,475490,0.0009963512420654297
00Uncorrelated,n00200,R10000,s006.kp,854075,488282,0.0009970664978027344
00Uncorrelated,n00200,R10000,s007.kp,784618,487798,0.0
00Uncorrelated,n00200,R10000,s008.kp,780437,527802,0.0
00Uncorrelated,n00200,R10000,s009.kp,784545,482744,0.0
00Uncorrelated,n00200,R10000,s010.kp,804347,475153,0.0009980201721191406
00Uncorrelated,n00200,R10000,s011.kp,814631,506796,0.0009984970092773438
00Uncorrelated,n00200,R10000,s012.kp,787877,492048,0.0
00Uncorrelated,n00200,R10000,s013.kp,766609,488127,0.0009963512420654297
00Uncorrelated,n00200,R10000,s014.kp,817876,496582,0.0
00Uncorrelated,n00200,R10000,s015.kp,839460,535595,0.0
00Uncorrelated,n00200,R10000,s016.kp,779759,482347,0.0009975433349609375
00Uncorrelated,n00200,R10000,s017.kp,830970,477181,0.0
00Uncorrelated,n00200,R10000,s018.kp,808800,510761,0.0
00Uncorrelated,n00200,R10000,s019.kp,743364,499019,0.0
00Uncorrelated,n00200,R10000,s020.kp,763659,486856,0.000997781753540039
00Uncorrelated,n00200,R10000,s021.kp,812984,498588,0.0
00Uncorrelated,n00200,R10000,s022.kp,827885,464515,0.0
00Uncorrelated,n00200,R10000,s023.kp,791932,525855,0.0009980201721191406
00Uncorrelated,n00200,R10000,s024.kp,826798,534472,0.0
00Uncorrelated,n00200,R10000,s025.kp,781579,515575,0.0
00Uncorrelated,n00200,R10000,s026.kp,787777,486705,0.0
00Uncorrelated,n00200,R10000,s027.kp,829514,522743,0.0
00Uncorrelated,n00200,R10000,s028.kp,775346,489171,0.0
00Uncorrelated,n00200,R10000,s029.kp,818812,484950,0.0009968280792236328
00Uncorrelated,n00200,R10000,s030.kp,809165,474569,0.0
00Uncorrelated,n00200,R10000,s031.kp,765806,491259,0.0
00Uncorrelated,n00200,R10000,s032.kp,812149,458811,0.0
00Uncorrelated,n00200,R10000,s033.kp,774606,506164,0.0
00Uncorrelated,n00200,R10000,s034.kp,866161,503404,0.000997304916381836
00Uncorrelated,n00200,R10000,s035.kp,797568,481229,0.0
00Uncorrelated,n00200,R10000,s036.kp,784457,510306,0.0
00Uncorrelated,n00200,R10000,s037.kp,796699,486424,0.0
00Uncorrelated,n00200,R10000,s038.kp,760627,516538,0.00099945068359375
00Uncorrelated,n00200,R10000,s039.kp,769692,485646,0.0009975433349609375
00Uncorrelated,n00200,R10000,s040.kp,794847,459212,0.0009984970092773438
00Uncorrelated,n00200,R10000,s041.kp,824166,526210,0.0
00Uncorrelated,n00200,R10000,s042.kp,776391,519548,0.0009984970092773438
00Uncorrelated,n00200,R10000,s043.kp,817742,467835,0.0
00Uncorrelated,n00200,R10000,s044.kp,781605,473241,0.0009970664978027344
00Uncorrelated,n00200,R10000,s045.kp,832030,532723,0.0
00Uncorrelated,n00200,R10000,s046.kp,767213,530686,0.000997781753540039
00Uncorrelated,n00200,R10000,s047.kp,820978,504236,0.0
00Uncorrelated,n00200,R10000,s048.kp,782722,558314,0.0
00Uncorrelated,n00200,R10000,s049.kp,787005,481104,0.0
00Uncorrelated,n00200,R10000,s050.kp,791478,525215,0.0
00Uncorrelated,n00200,R10000,s051.kp,858511,472479,0.0
00Uncorrelated,n00200,R10000,s052.kp,829152,485468,0.0009696483612060547
00Uncorrelated,n00200,R10000,s053.kp,770393,490349,0.0
00Uncorrelated,n00200,R10000,s054.kp,781449,501195,0.0009982585906982422
00Uncorrelated,n00200,R10000,s055.kp,786573,510463,0.0015070438385009766
00Uncorrelated,n00200,R10000,s056.kp,775902,531694,0.000997781753540039
00Uncorrelated,n00200,R10000,s057.kp,765114,500687,0.0009970664978027344
00Uncorrelated,n00200,R10000,s058.kp,817821,503278,0.0
00Uncorrelated,n00200,R10000,s059.kp,800663,492650,0.0
00Uncorrelated,n00200,R10000,s060.kp,776495,519335,0.0
00Uncorrelated,n00200,R10000,s061.kp,777520,481274,0.0010001659393310547
00Uncorrelated,n00200,R10000,s062.kp,809572,469727,0.0
00Uncorrelated,n00200,R10000,s063.kp,755207,490911,0.0
00Uncorrelated,n00200,R10000,s064.kp,780228,498277,0.0
00Uncorrelated,n00200,R10000,s065.kp,852049,461316,0.000997304916381836
00Uncorrelated,n00200,R10000,s066.kp,818874,481681,0.0
00Uncorrelated,n00200,R10000,s067.kp,820594,480020,0.000997304916381836
00Uncorrelated,n00200,R10000,s068.kp,838172,473197,0.0
00Uncorrelated,n00200,R10000,s069.kp,817143,483358,0.0009970664978027344
00Uncorrelated,n00200,R10000,s070.kp,804478,520107,0.0
00Uncorrelated,n00200,R10000,s071.kp,790691,502727,0.0
00Uncorrelated,n00200,R10000,s072.kp,846636,533236,0.0010001659393310547
00Uncorrelated,n00200,R10000,s073.kp,765448,506875,0.0
00Uncorrelated,n00200,R10000,s074.kp,858614,504267,0.0009989738464355469
00Uncorrelated,n00200,R10000,s075.kp,830862,482663,0.0
00Uncorrelated,n00200,R10000,s076.kp,797469,521324,0.0
00Uncorrelated,n00200,R10000,s077.kp,806066,498508,0.0
00Uncorrelated,n00200,R10000,s078.kp,783672,491356,0.0
00Uncorrelated,n00200,R10000,s079.kp,785361,473718,0.0009961128234863281
00Uncorrelated,n00200,R10000,s080.kp,837997,457566,0.0
00Uncorrelated,n00200,R10000,s081.kp,802591,503465,0.0009970664978027344
00Uncorrelated,n00200,R10000,s082.kp,833712,527912,0.0
00Uncorrelated,n00200,R10000,s083.kp,827068,510799,0.0
00Uncorrelated,n00200,R10000,s084.kp,870282,497181,0.0
00Uncorrelated,n00200,R10000,s085.kp,797652,489790,0.000997781753540039
00Uncorrelated,n00200,R10000,s086.kp,799331,505234,0.0
00Uncorrelated,n00200,R10000,s087.kp,765459,496692,0.0009975433349609375
00Uncorrelated,n00200,R10000,s088.kp,800831,499506,0.0010008811950683594
00Uncorrelated,n00200,R10000,s089.kp,804990,510421,0.0
00Uncorrelated,n00200,R10000,s090.kp,820530,488849,0.0
00Uncorrelated,n00200,R10000,s091.kp,848199,508271,0.0
00Uncorrelated,n00200,R10000,s092.kp,847460,502730,0.0
00Uncorrelated,n00200,R10000,s093.kp,831001,490149,0.0
00Uncorrelated,n00200,R10000,s094.kp,845877,524715,0.0
00Uncorrelated,n00200,R10000,s095.kp,775766,508198,0.0009963512420654297
00Uncorrelated,n00200,R10000,s096.kp,784846,473485,0.0009975433349609375
00Uncorrelated,n00200,R10000,s097.kp,837606,484990,0.0
00Uncorrelated,n00200,R10000,s098.kp,849434,457369,0.0
00Uncorrelated,n00200,R10000,s099.kp,799947,449520,0.0
00Uncorrelated,n00500,R01000,s000.kp,207992,118693,0.0009965896606445312
00Uncorrelated,n00500,R01000,s001.kp,202841,131008,0.0009982585906982422
00Uncorrelated,n00500,R01000,s002.kp,201378,124347,0.000997781753540039
00Uncorrelated,n00500,R01000,s003.kp,203010,120926,0.0009975433349609375
00Uncorrelated,n00500,R01000,s004.kp,211149,123293,0.000997304916381836
00Uncorrelated,n00500,R01000,s005.kp,202400,120129,0.0009980201721191406
00Uncorrelated,n00500,R01000,s006.kp,205755,117473,0.0009958744049072266
00Uncorrelated,n00500,R01000,s007.kp,197473,119808,0.0009984970092773438
00Uncorrelated,n00500,R01000,s008.kp,206336,121939,0.0009970664978027344
00Uncorrelated,n00500,R01000,s009.kp,199181,119530,0.0009975433349609375
00Uncorrelated,n00500,R01000,s010.kp,200583,125615,0.0009970664978027344
00Uncorrelated,n00500,R01000,s011.kp,205442,124716,0.0
00Uncorrelated,n00500,R01000,s012.kp,202096,125625,0.0010001659393310547
00Uncorrelated,n00500,R01000,s013.kp,200453,121784,0.0
00Uncorrelated,n00500,R01000,s014.kp,204586,119072,0.0010309219360351562
00Uncorrelated,n00500,R01000,s015.kp,212128,124736,0.0009980201721191406
00Uncorrelated,n00500,R01000,s016.kp,195312,125173,0.0009970664978027344
00Uncorrelated,n00500,R01000,s017.kp,197873,124445,0.0009989738464355469
00Uncorrelated,n00500,R01000,s018.kp,204379,124554,0.0009980201721191406
00Uncorrelated,n00500,R01000,s019.kp,204081,116390,0.000997781753540039
00Uncorrelated,n00500,R01000,s020.kp,197248,123644,0.0
00Uncorrelated,n00500,R01000,s021.kp,202125,125118,0.0009946823120117188
00Uncorrelated,n00500,R01000,s022.kp,192201,127736,0.000997304916381836
00Uncorrelated,n00500,R01000,s023.kp,205603,120413,0.0
00Uncorrelated,n00500,R01000,s024.kp,206087,124173,0.0
00Uncorrelated,n00500,R01000,s025.kp,201800,121292,0.000995635986328125
00Uncorrelated,n00500,R01000,s026.kp,198240,123822,0.00099945068359375
00Uncorrelated,n00500,R01000,s027.kp,208459,130522,0.0019974708557128906
00Uncorrelated,n00500,R01000,s028.kp,197450,128116,0.000997781753540039
00Uncorrelated,n00500,R01000,s029.kp,204913,118244,0.0009970664978027344
00Uncorrelated,n00500,R01000,s030.kp,201581,117869,0.0009975433349609375
00Uncorrelated,n00500,R01000,s031.kp,198387,127077,0.0009968280792236328
00Uncorrelated,n00500,R01000,s032.kp,199385,123372,0.0009992122650146484
00Uncorrelated,n00500,R01000,s033.kp,205008,126633,0.0009992122650146484
00Uncorrelated,n00500,R01000,s034.kp,206712,128495,0.0019948482513427734
00Uncorrelated,n00500,R01000,s035.kp,196510,120665,0.0009970664978027344
00Uncorrelated,n00500,R01000,s036.kp,206988,123539,0.001024484634399414
00Uncorrelated,n00500,R01000,s037.kp,202469,125706,0.002020597457885742
00Uncorrelated,n00500,R01000,s038.kp,203486,129121,0.0020275115966796875
00Uncorrelated,n00500,R01000,s039.kp,197527,122794,0.0
00Uncorrelated,n00500,R01000,s040.kp,193499,122206,0.0
00Uncorrelated,n00500,R01000,s041.kp,205566,125715,0.0010294914245605469
00Uncorrelated,n00500,R01000,s042.kp,200557,129743,0.0009930133819580078
00Uncorrelated,n00500,R01000,s043.kp,199506,122180,0.0
00Uncorrelated,n00500,R01000,s044.kp,193845,125102,0.0009965896606445312
00Uncorrelated,n00500,R01000,s045.kp,211013,122706,0.000997304916381836
00Uncorrelated,n00500,R01000,s046.kp,208532,119454,0.0
00Uncorrelated,n00500,R01000,s047.kp,199922,126329,0.0010290145874023438
00Uncorrelated,n00500,R01000,s048.kp,212697,121561,0.0010292530059814453
00Uncorrelated,n00500,R01000,s049.kp,196691,122178,0.0010311603546142578
00Uncorrelated,n00500,R01000,s050.kp,203800,126025,0.0010333061218261719
00Uncorrelated,n00500,R01000,s051.kp,205635,119306,0.0009996891021728516
00Uncorrelated,n00500,R01000,s052.kp,203155,124496,0.0009992122650146484
00Uncorrelated,n00500,R01000,s053.kp,200502,125027,0.0009629726409912109
00Uncorrelated,n00500,R01000,s054.kp,204315,125246,0.0010309219360351562
00Uncorrelated,n00500,R01000,s055.kp,202899,123455,0.0009999275207519531
00Uncorrelated,n00500,R01000,s056.kp,203093,123033,0.0009999275207519531
00Uncorrelated,n00500,R01000,s057.kp,201462,125311,0.0
00Uncorrelated,n00500,R01000,s058.kp,199982,130756,0.001016378402709961
00Uncorrelated,n00500,R01000,s059.kp,203230,127401,0.0009639263153076172
00Uncorrelated,n00500,R01000,s060.kp,198601,122924,0.0009906291961669922
00Uncorrelated,n00500,R01000,s061.kp,199962,124882,0.0009970664978027344
00Uncorrelated,n00500,R01000,s062.kp,200678,128147,0.0
00Uncorrelated,n00500,R01000,s063.kp,193050,120128,0.000997304916381836
00Uncorrelated,n00500,R01000,s064.kp,200616,124384,0.0
00Uncorrelated,n00500,R01000,s065.kp,205790,121387,0.0009593963623046875
00Uncorrelated,n00500,R01000,s066.kp,198943,124323,0.000997304916381836
00Uncorrelated,n00500,R01000,s067.kp,204220,128817,0.000997781753540039
00Uncorrelated,n00500,R01000,s068.kp,204522,126425,0.0009970664978027344
00Uncorrelated,n00500,R01000,s069.kp,200192,122654,0.0009968280792236328
00Uncorrelated,n00500,R01000,s070.kp,204179,122156,0.0009975433349609375
00Uncorrelated,n00500,R01000,s071.kp,196487,127818,0.0009980201721191406
00Uncorrelated,n00500,R01000,s072.kp,207381,129771,0.0009963512420654297
00Uncorrelated,n00500,R01000,s073.kp,195289,120201,0.000997304916381836
00Uncorrelated,n00500,R01000,s074.kp,207944,126732,0.0009984970092773438
00Uncorrelated,n00500,R01000,s075.kp,200883,126420,0.002506732940673828
00Uncorrelated,n00500,R01000,s076.kp,204973,125039,0.000997304916381836
00Uncorrelated,n00500,R01000,s077.kp,206790,120585,0.0
00Uncorrelated,n00500,R01000,s078.kp,202088,124434,0.000997781753540039
00Uncorrelated,n00500,R01000,s079.kp,194391,125810,0.0009958744049072266
00Uncorrelated,n00500,R01000,s080.kp,196534,131428,0.0009989738464355469
00Uncorrelated,n00500,R01000,s081.kp,200976,120646,0.0009984970092773438
00Uncorrelated,n00500,R01000,s082.kp,204101,119457,0.0009984970092773438
00Uncorrelated,n00500,R01000,s083.kp,211204,122009,0.000997781753540039
00Uncorrelated,n00500,R01000,s084.kp,208368,125565,0.0009982585906982422
00Uncorrelated,n00500,R01000,s085.kp,194919,130374,0.0009984970092773438
00Uncorrelated,n00500,R01000,s086.kp,202774,124237,0.0010304450988769531
00Uncorrelated,n00500,R01000,s087.kp,192515,122421,0.001027822494506836
00Uncorrelated,n00500,R01000,s088.kp,207119,128031,0.0009961128234863281
00Uncorrelated,n00500,R01000,s089.kp,205159,122517,0.0
00Uncorrelated,n00500,R01000,s090.kp,200351,130164,0.000988006591796875
00Uncorrelated,n00500,R01000,s091.kp,203209,129232,0.0009963512420654297
00Uncorrelated,n00500,R01000,s092.kp,210398,121353,0.000997781753540039
00Uncorrelated,n00500,R01000,s093.kp,205491,126111,0.0009970664978027344
00Uncorrelated,n00500,R01000,s094.kp,209767,123594,0.0009975433349609375
00Uncorrelated,n00500,R01000,s095.kp,200396,120930,0.0009980201721191406
00Uncorrelated,n00500,R01000,s096.kp,191079,123239,0.00099945068359375
00Uncorrelated,n00500,R01000,s097.kp,201560,122539,0.000997304916381836
00Uncorrelated,n00500,R01000,s098.kp,197502,122968,0.0009970664978027344
00Uncorrelated,n00500,R01000,s099.kp,196766,122551,0.0009644031524658203
00Uncorrelated,n00500,R10000,s000.kp,2078639,1185802,0.0
00Uncorrelated,n00500,R10000,s001.kp,2027173,1308912,0.0009963512420654297
00Uncorrelated,n00500,R10000,s002.kp,2012561,1242349,0.0009970664978027344
00Uncorrelated,n00500,R10000,s003.kp,2028979,1208198,0.0009970664978027344
00Uncorrelated,n00500,R10000,s004.kp,2110451,1231956,0.0009968280792236328
00Uncorrelated,n00500,R10000,s005.kp,2022940,1200182,0.0009982585906982422
00Uncorrelated,n00500,R10000,s006.kp,2056245,1173613,0.000997304916381836
00Uncorrelated,n00500,R10000,s007.kp,1973445,1196978,0.0009970664978027344
00Uncorrelated,n00500,R10000,s008.kp,2062200,1218272,0.0014579296112060547
00Uncorrelated,n00500,R10000,s009.kp,1990637,1194207,0.0
00Uncorrelated,n00500,R10000,s010.kp,2004561,1254947,0.0010304450988769531
00Uncorrelated,n00500,R10000,s011.kp,2053300,1246081,0.0009975433349609375
00Uncorrelated,n00500,R10000,s012.kp,2019657,1255171,0.0019958019256591797
00Uncorrelated,n00500,R10000,s013.kp,2003266,1216760,0.0009992122650146484
00Uncorrelated,n00500,R10000,s014.kp,2044692,1189598,0.0009984970092773438
00Uncorrelated,n00500,R10000,s015.kp,2120038,1246217,0.0009968280792236328
00Uncorrelated,n00500,R10000,s016.kp,1952024,1250612,0.000997304916381836
00Uncorrelated,n00500,R10000,s017.kp,1977628,1243406,0.0019936561584472656
00Uncorrelated,n00500,R10000,s018.kp,2042604,1244410,0.0009970664978027344
00Uncorrelated,n00500,R10000,s019.kp,2039549,1162853,0.0009958744049072266
00Uncorrelated,n00500,R10000,s020.kp,1971441,1235224,0.0009963512420654297
00Uncorrelated,n00500,R10000,s021.kp,2020205,1250058,0.0009963512420654297
00Uncorrelated,n00500,R10000,s022.kp,1920862,1276280,0.0009958744049072266
00Uncorrelated,n00500,R10000,s023.kp,2054903,1202983,0.0009980201721191406
00Uncorrelated,n00500,R10000,s024.kp,2059605,1240533,0.0014998912811279297
00Uncorrelated,n00500,R10000,s025.kp,2016765,1211798,0.0009970664978027344
00Uncorrelated,n00500,R10000,s026.kp,1981082,1237242,0.0009970664978027344
00Uncorrelated,n00500,R10000,s027.kp,2083495,1303998,0.0
00Uncorrelated,n00500,R10000,s028.kp,1973295,1280029,0.0009968280792236328
00Uncorrelated,n00500,R10000,s029.kp,2047911,1181299,0.0
00Uncorrelated,n00500,R10000,s030.kp,2014468,1177345,0.0010237693786621094
00Uncorrelated,n00500,R10000,s031.kp,1982620,1269793,0.0019936561584472656
00Uncorrelated,n00500,R10000,s032.kp,1992611,1232548,0.0009996891021728516
00Uncorrelated,n00500,R10000,s033.kp,2048843,1265207,0.0009903907775878906
00Uncorrelated,n00500,R10000,s034.kp,2065865,1283688,0.0009963512420654297
00Uncorrelated,n00500,R10000,s035.kp,1963847,1205546,0.0010249614715576172
00Uncorrelated,n00500,R10000,s036.kp,2068624,1234305,0.0010237693786621094
00Uncorrelated,n00500,R10000,s037.kp,2023439,1255892,0.0019936561584472656
00Uncorrelated,n00500,R10000,s038.kp,2033730,1290105,0.0009970664978027344
00Uncorrelated,n00500,R10000,s039.kp,1974064,1226819,0.0
00Uncorrelated,n00500,R10000,s040.kp,1933729,1220998,0.0009698867797851562
00Uncorrelated,n00500,R10000,s041.kp,2054415,1256015,0.0019614696502685547
00Uncorrelated,n00500,R10000,s042.kp,2004463,1296342,0.0009696483612060547
00Uncorrelated,n00500,R10000,s043.kp,1993720,1220720,0.0009970664978027344
00Uncorrelated,n00500,R10000,s044.kp,1937359,1249886,0.0009970664978027344
00Uncorrelated,n00500,R10000,s045.kp,2108917,1225897,0.0009965896606445312
00Uncorrelated,n00500,R10000,s046.kp,2084199,1193496,0.0
00Uncorrelated,n00500,R10000,s047.kp,1998005,1262192,0.0009970664978027344
00Uncorrelated,n00500,R10000,s048.kp,2125774,1214549,0.00102996826171875
00Uncorrelated,n00500,R10000,s049.kp,1965805,1220742,0.000997304916381836
00Uncorrelated,n00500,R10000,s050.kp,2036784,1259092,0.0009644031524658203
00Uncorrelated,n00500,R10000,s051.kp,2055284,1191921,0.0009613037109375
00Uncorrelated,n00500,R10000,s052.kp,2030308,1243905,0.0009608268737792969
00Uncorrelated,n00500,R10000,s053.kp,2003873,1249108,0.0015065670013427734
00Uncorrelated,n00500,R10000,s054.kp,2041925,1251388,0.0009987354278564453
00Uncorrelated,n00500,R10000,s055.kp,2027859,1233411,0.0009965896606445312
00Uncorrelated,n00500,R10000,s056.kp,2029640,1229179,0.0009965896606445312
00Uncorrelated,n00500,R10000,s057.kp,2013411,1251953,0.0009965896606445312
00Uncorrelated,n00500,R10000,s058.kp,1998769,1306485,0.0009975433349609375
00Uncorrelated,n00500,R10000,s059.kp,2031101,1272925,0.000997304916381836
00Uncorrelated,n00500,R10000,s060.kp,1984987,1228124,0.0
00Uncorrelated,n00500,R10000,s061.kp,1998499,1247521,0.0009975433349609375
00Uncorrelated,n00500,R10000,s062.kp,2005624,1280555,0.0009970664978027344
00Uncorrelated,n00500,R10000,s063.kp,1929298,1200190,0.0009970664978027344
00Uncorrelated,n00500,R10000,s064.kp,2004851,1242750,0.0009970664978027344
00Uncorrelated,n00500,R10000,s065.kp,2056635,1212719,0.000997304916381836
00Uncorrelated,n00500,R10000,s066.kp,1988202,1242127,0.001993894577026367
00Uncorrelated,n00500,R10000,s067.kp,2041000,1287107,0.0009965896606445312
00Uncorrelated,n00500,R10000,s068.kp,2043871,1263173,0.0019941329956054688
00Uncorrelated,n00500,R10000,s069.kp,2000698,1225435,0.0009970664978027344
00Uncorrelated,n00500,R10000,s070.kp,2040708,1220446,0.0009996891021728516
00Uncorrelated,n00500,R10000,s071.kp,1963702,1277213,0.0009970664978027344
00Uncorrelated,n00500,R10000,s072.kp,2072484,1296500,0.00102996826171875
00Uncorrelated,n00500,R10000,s073.kp,1951652,1200944,0.0010247230529785156
00Uncorrelated,n00500,R10000,s074.kp,2078380,1266192,0.0010285377502441406
00Uncorrelated,n00500,R10000,s075.kp,2007617,1263027,0.0009932518005371094
00Uncorrelated,n00500,R10000,s076.kp,2048444,1249356,0.0010328292846679688
00Uncorrelated,n00500,R10000,s077.kp,2066680,1204672,0.0
00Uncorrelated,n00500,R10000,s078.kp,2019663,1243074,0.0009999275207519531
00Uncorrelated,n00500,R10000,s079.kp,1942692,1256979,0.0010302066802978516
00Uncorrelated,n00500,R10000,s080.kp,1964159,1313199,0.0009644031524658203
00Uncorrelated,n00500,R10000,s081.kp,2008635,1205365,0.001961231231689453
00Uncorrelated,n00500,R10000,s082.kp,2039922,1193520,0.0009963512420654297
00Uncorrelated,n00500,R10000,s083.kp,2110984,1218844,0.0009965896606445312
00Uncorrelated,n00500,R10000,s084.kp,2082544,1254669,0.0
00Uncorrelated,n00500,R10000,s085.kp,1947905,1302596,0.0009989738464355469
00Uncorrelated,n00500,R10000,s086.kp,2026734,1241320,0.0009980201721191406
00Uncorrelated,n00500,R10000,s087.kp,1923870,1223208,0.000997304916381836
00Uncorrelated,n00500,R10000,s088.kp,2069968,1279196,0.000997304916381836
00Uncorrelated,n00500,R10000,s089.kp,2050450,1224048,0.0
00Uncorrelated,n00500,R10000,s090.kp,2002200,1300606,0.0
00Uncorrelated,n00500,R10000,s091.kp,2031089,1291218,0.0
00Uncorrelated,n00500,R10000,s092.kp,2102774,1212225,0.0009963512420654297
00Uncorrelated,n00500,R10000,s093.kp,2053851,1260030,0.0
00Uncorrelated,n00500,R10000,s094.kp,2096554,1234804,0.0009980201721191406
00Uncorrelated,n00500,R10000,s095.kp,2002813,1208191,0.0
00Uncorrelated,n00500,R10000,s096.kp,1909483,1231288,0.0009984970092773438
00Uncorrelated,n00500,R10000,s097.kp,2014567,1224121,0.0010290145874023438
00Uncorrelated,n00500,R10000,s098.kp,1973746,1228577,0.000997304916381836
00Uncorrelated,n00500,R10000,s099.kp,1966501,1224357,0.0010306835174560547
00Uncorrelated,n01000,R01000,s000.kp,400811,252480,0.0034372806549072266
00Uncorrelated,n01000,R01000,s001.kp,418472,243069,0.003987312316894531
00Uncorrelated,n01000,R01000,s002.kp,405157,247350,0.002992391586303711
00Uncorrelated,n01000,R01000,s003.kp,399233,247585,0.0029926300048828125
00Uncorrelated,n01000,R01000,s004.kp,413024,251587,0.00299072265625
00Uncorrelated,n01000,R01000,s005.kp,403106,243745,0.0029921531677246094
00Uncorrelated,n01000,R01000,s006.kp,398663,245945,0.003988027572631836
00Uncorrelated,n01000,R01000,s007.kp,394138,248175,0.0029916763305664062
00Uncorrelated,n01000,R01000,s008.kp,406621,239138,0.0029914379119873047
00Uncorrelated,n01000,R01000,s009.kp,393483,255729,0.002994537353515625
00Uncorrelated,n01000,R01000,s010.kp,405906,248899,0.003987550735473633
00Uncorrelated,n01000,R01000,s011.kp,408386,241559,0.0029935836791992188
00Uncorrelated,n01000,R01000,s012.kp,405360,245760,0.002991914749145508
00Uncorrelated,n01000,R01000,s013.kp,392980,253440,0.0029916763305664062
00Uncorrelated,n01000,R01000,s014.kp,393615,244227,0.002991914749145508
00Uncorrelated,n01000,R01000,s015.kp,415902,247778,0.0029914379119873047
00Uncorrelated,n01000,R01000,s016.kp,398473,255665,0.0019943714141845703
00Uncorrelated,n01000,R01000,s017.kp,398503,252286,0.0029909610748291016
00Uncorrelated,n01000,R01000,s018.kp,407611,246411,0.001994609832763672
00Uncorrelated,n01000,R01000,s019.kp,391264,250643,0.0029914379119873047
00Uncorrelated,n01000,R01000,s020.kp,404690,248081,0.002996206283569336
00Uncorrelated,n01000,R01000,s021.kp,402213,247744,0.002991914749145508
00Uncorrelated,n01000,R01000,s022.kp,400290,247103,0.002995014190673828
00Uncorrelated,n01000,R01000,s023.kp,403477,242638,0.0029916763305664062
00Uncorrelated,n01000,R01000,s024.kp,411001,250151,0.001994609832763672
00Uncorrelated,n01000,R01000,s025.kp,400139,255413,0.0019958019256591797
00Uncorrelated,n01000,R01000,s026.kp,403505,246434,0.0029926300048828125
00Uncorrelated,n01000,R01000,s027.kp,417655,246690,0.002992868423461914
00Uncorrelated,n01000,R01000,s028.kp,405743,250116,0.002991914749145508
00Uncorrelated,n01000,R01000,s029.kp,402149,252310,0.001994609832763672
00Uncorrelated,n01000,R01000,s030.kp,398970,252158,0.002991199493408203
00Uncorrelated,n01000,R01000,s031.kp,409620,254916,0.002991914749145508
00Uncorrelated,n01000,R01000,s032.kp,394258,250495,0.004986763000488281
00Uncorrelated,n01000,R01000,s033.kp,401942,247280,0.0019943714141845703
00Uncorrelated,n01000,R01000,s034.kp,421162,246017,0.001994609832763672
00Uncorrelated,n01000,R01000,s035.kp,398394,246812,0.0029909610748291016
00Uncorrelated,n01000,R01000,s036.kp,414422,246672,0.00299072265625
00Uncorrelated,n01000,R01000,s037.kp,407864,240758,0.0029916763305664062
00Uncorrelated,n01000,R01000,s038.kp,412677,251229,0.0030248165130615234
00Uncorrelated,n01000,R01000,s039.kp,401900,236259,0.0030183792114257812
00Uncorrelated,n01000,R01000,s040.kp,393756,252639,0.003014802932739258
00Uncorrelated,n01000,R01000,s041.kp,411114,246350,0.003988981246948242
00Uncorrelated,n01000,R01000,s042.kp,409391,247251,0.0034990310668945312
00Uncorrelated,n01000,R01000,s043.kp,405371,246935,0.00299072265625
00Uncorrelated,n01000,R01000,s044.kp,401109,246620,0.0019941329956054688
00Uncorrelated,n01000,R01000,s045.kp,418641,241853,0.0029904842376708984
00Uncorrelated,n01000,R01000,s046.kp,403664,243920,0.0020279884338378906
00Uncorrelated,n01000,R01000,s047.kp,410813,244891,0.0019941329956054688
00Uncorrelated,n01000,R01000,s048.kp,403821,257308,0.0029921531677246094
00Uncorrelated,n01000,R01000,s049.kp,399048,241843,0.003988981246948242
00Uncorrelated,n01000,R01000,s050.kp,408529,251029,0.0019958019256591797
00Uncorrelated,n01000,R01000,s051.kp,400953,252880,0.0019936561584472656
00Uncorrelated,n01000,R01000,s052.kp,407099,248367,0.0029921531677246094
00Uncorrelated,n01000,R01000,s053.kp,401091,253947,0.002503633499145508
00Uncorrelated,n01000,R01000,s054.kp,406521,255279,0.0019941329956054688
00Uncorrelated,n01000,R01000,s055.kp,405440,251510,0.0019941329956054688
00Uncorrelated,n01000,R01000,s056.kp,403614,245323,0.0029916763305664062
00Uncorrelated,n01000,R01000,s057.kp,405152,250062,0.001993417739868164
00Uncorrelated,n01000,R01000,s058.kp,415942,250277,0.0029916763305664062
00Uncorrelated,n01000,R01000,s059.kp,404475,250834,0.002991199493408203
00Uncorrelated,n01000,R01000,s060.kp,396658,254485,0.0029914379119873047
00Uncorrelated,n01000,R01000,s061.kp,403267,243306,0.0029916763305664062
00Uncorrelated,n01000,R01000,s062.kp,403803,250198,0.0019953250885009766
00Uncorrelated,n01000,R01000,s063.kp,392908,254447,0.0029935836791992188
00Uncorrelated,n01000,R01000,s064.kp,403993,246415,0.0019943714141845703
00Uncorrelated,n01000,R01000,s065.kp,402186,253495,0.0029926300048828125
00Uncorrelated,n01000,R01000,s066.kp,401306,247472,0.001993894577026367
00Uncorrelated,n01000,R01000,s067.kp,415780,241811,0.0029921531677246094
00Uncorrelated,n01000,R01000,s068.kp,409901,249387,0.002991914749145508
00Uncorrelated,n01000,R01000,s069.kp,401143,248831,0.0029926300048828125
00Uncorrelated,n01000,R01000,s070.kp,403704,248546,0.002991914749145508
00Uncorrelated,n01000,R01000,s071.kp,405786,245337,0.0019948482513427734
00Uncorrelated,n01000,R01000,s072.kp,416711,246101,0.002991914749145508
00Uncorrelated,n01000,R01000,s073.kp,395736,238421,0.002991914749145508
00Uncorrelated,n01000,R01000,s074.kp,413240,253290,0.0019958019256591797
00Uncorrelated,n01000,R01000,s075.kp,410150,244221,0.002991914749145508
00Uncorrelated,n01000,R01000,s076.kp,408053,248907,0.0032553672790527344
00Uncorrelated,n01000,R01000,s077.kp,403843,241599,0.003988742828369141
00Uncorrelated,n01000,R01000,s078.kp,401343,257987,0.0029926300048828125
00Uncorrelated,n01000,R01000,s079.kp,405079,245856,0.002991914749145508
00Uncorrelated,n01000,R01000,s080.kp,411817,241050,0.0019943714141845703
00Uncorrelated,n01000,R01000,s081.kp,400006,247155,0.0029921531677246094
00Uncorrelated,n01000,R01000,s082.kp,403284,249915,0.0029916763305664062
00Uncorrelated,n01000,R01000,s083.kp,408142,250559,0.0029916763305664062
00Uncorrelated,n01000,R01000,s084.kp,419753,241015,0.002991914749145508
00Uncorrelated,n01000,R01000,s085.kp,400821,247865,0.0019941329956054688
00Uncorrelated,n01000,R01000,s086.kp,404931,244642,0.002992868423461914
00Uncorrelated,n01000,R01000,s087.kp,388503,248760,0.002991914749145508
00Uncorrelated,n01000,R01000,s088.kp,409726,249994,0.001993894577026367
00Uncorrelated,n01000,R01000,s089.kp,409464,245002,0.002991914749145508
00Uncorrelated,n01000,R01000,s090.kp,411776,252858,0.0029914379119873047
00Uncorrelated,n01000,R01000,s091.kp,416081,240987,0.002991914749145508
00Uncorrelated,n01000,R01000,s092.kp,407884,245361,0.0029931068420410156
00Uncorrelated,n01000,R01000,s093.kp,410115,251288,0.0029914379119873047
00Uncorrelated,n01000,R01000,s094.kp,410949,250918,0.0029897689819335938
00Uncorrelated,n01000,R01000,s095.kp,394352,251794,0.002990245819091797
00Uncorrelated,n01000,R01000,s096.kp,389443,261276,0.0019948482513427734
00Uncorrelated,n01000,R01000,s097.kp,405401,248076,0.002989053726196289
00Uncorrelated,n01000,R01000,s098.kp,401143,245902,0.0029921531677246094
00Uncorrelated,n01000,R01000,s099.kp,399546,240627,0.0022628307342529297
00Uncorrelated,n01000,R10000,s000.kp,4005798,2522529,0.002991914749145508
00Uncorrelated,n01000,R10000,s001.kp,4182517,2428329,0.002959728240966797
00Uncorrelated,n01000,R10000,s002.kp,4049295,2471305,0.002991914749145508
00Uncorrelated,n01000,R10000,s003.kp,3990099,2473742,0.003989696502685547
00Uncorrelated,n01000,R10000,s004.kp,4127992,2513608,0.00299072265625
00Uncorrelated,n01000,R10000,s005.kp,4028780,2435221,0.00398707389831543
00Uncorrelated,n01000,R10000,s006.kp,3984227,2457134,0.002991914749145508
00Uncorrelated,n01000,R10000,s007.kp,3938895,2479505,0.004987239837646484
00Uncorrelated,n01000,R10000,s008.kp,4063839,2389161,0.002991914749145508
00Uncorrelated,n01000,R10000,s009.kp,3932453,2555088,0.002254962921142578
00Uncorrelated,n01000,R10000,s010.kp,4056715,2486809,0.003988981246948242
00Uncorrelated,n01000,R10000,s011.kp,4081552,2413442,0.001995086669921875
00Uncorrelated,n01000,R10000,s012.kp,4051277,2455401,0.0029914379119873047
00Uncorrelated,n01000,R10000,s013.kp,3927388,2532156,0.0029921531677246094
00Uncorrelated,n01000,R10000,s014.kp,3933691,2440015,0.0029921531677246094
00Uncorrelated,n01000,R10000,s015.kp,4156549,2475610,0.003989219665527344
00Uncorrelated,n01000,R10000,s016.kp,3982239,2554418,0.002991199493408203
00Uncorrelated,n01000,R10000,s017.kp,3982790,2520561,0.0029904842376708984
00Uncorrelated,n01000,R10000,s018.kp,4073683,2461990,0.004987239837646484
00Uncorrelated,n01000,R10000,s019.kp,3910397,2504186,0.004988908767700195
00Uncorrelated,n01000,R10000,s020.kp,4044539,2478604,0.003989219665527344
00Uncorrelated,n01000,R10000,s021.kp,4019882,2475228,0.004984855651855469
00Uncorrelated,n01000,R10000,s022.kp,4000689,2468800,0.0049860477447509766
00Uncorrelated,n01000,R10000,s023.kp,4032309,2424200,0.003989219665527344
00Uncorrelated,n01000,R10000,s024.kp,4107569,2499325,0.003989458084106445
00Uncorrelated,n01000,R10000,s025.kp,3998959,2551838,0.002994537353515625
00Uncorrelated,n01000,R10000,s026.kp,4032568,2462049,0.003991127014160156
00Uncorrelated,n01000,R10000,s027.kp,4174126,2464688,0.0029914379119873047
00Uncorrelated,n01000,R10000,s028.kp,4055027,2498861,0.001995086669921875
00Uncorrelated,n01000,R10000,s029.kp,4019296,2520826,0.0019941329956054688
00Uncorrelated,n01000,R10000,s030.kp,3987360,2519340,0.0029914379119873047
00Uncorrelated,n01000,R10000,s031.kp,4093799,2546941,0.002991199493408203
00Uncorrelated,n01000,R10000,s032.kp,3940113,2502648,0.0029916763305664062
00Uncorrelated,n01000,R10000,s033.kp,4017146,2470559,0.003988981246948242
00Uncorrelated,n01000,R10000,s034.kp,4209411,2457880,0.0029926300048828125
00Uncorrelated,n01000,R10000,s035.kp,3981473,2465799,0.0029921531677246094
00Uncorrelated,n01000,R10000,s036.kp,4141845,2464480,0.002992391586303711
00Uncorrelated,n01000,R10000,s037.kp,4076270,2405369,0.0029914379119873047
00Uncorrelated,n01000,R10000,s038.kp,4124505,2510144,0.003988742828369141
00Uncorrelated,n01000,R10000,s039.kp,4016636,2360298,0.002991914749145508
00Uncorrelated,n01000,R10000,s040.kp,3935120,2524112,0.0029430389404296875
00Uncorrelated,n01000,R10000,s041.kp,4108929,2461293,0.0029914379119873047
00Uncorrelated,n01000,R10000,s042.kp,4091667,2470268,0.0029916763305664062
00Uncorrelated,n01000,R10000,s043.kp,4051253,2467255,0.0029921531677246094
00Uncorrelated,n01000,R10000,s044.kp,4008814,2464022,0.00299072265625
00Uncorrelated,n01000,R10000,s045.kp,4184019,2416414,0.0029914379119873047
00Uncorrelated,n01000,R10000,s046.kp,4034292,2436912,0.001993894577026367
00Uncorrelated,n01000,R10000,s047.kp,4105678,2446649,0.0029952526092529297
00Uncorrelated,n01000,R10000,s048.kp,4035998,2570944,0.002992391586303711
00Uncorrelated,n01000,R10000,s049.kp,3988178,2416187,0.002991914749145508
00Uncorrelated,n01000,R10000,s050.kp,4082795,2508037,0.0019931793212890625
00Uncorrelated,n01000,R10000,s051.kp,4007092,2526621,0.003989458084106445
00Uncorrelated,n01000,R10000,s052.kp,4068595,2481404,0.0039904117584228516
00Uncorrelated,n01000,R10000,s053.kp,4008447,2537292,0.001994609832763672
00Uncorrelated,n01000,R10000,s054.kp,4062839,2550542,0.0029909610748291016
00Uncorrelated,n01000,R10000,s055.kp,4052134,2512917,0.0029914379119873047
00Uncorrelated,n01000,R10000,s056.kp,4033710,2450951,0.002992391586303711
00Uncorrelated,n01000,R10000,s057.kp,4049145,2498398,0.0019941329956054688
00Uncorrelated,n01000,R10000,s058.kp,4157047,2500540,0.002991914749145508
00Uncorrelated,n01000,R10000,s059.kp,4042382,2506116,0.003082275390625
00Uncorrelated,n01000,R10000,s060.kp,3964247,2542620,0.0029897689819335938
00Uncorrelated,n01000,R10000,s061.kp,4030247,2430923,0.0029861927032470703
00Uncorrelated,n01000,R10000,s062.kp,4035646,2499682,0.003988981246948242
00Uncorrelated,n01000,R10000,s063.kp,3926685,2542330,0.0019943714141845703
00Uncorrelated,n01000,R10000,s064.kp,4037497,2461928,0.003989219665527344
00Uncorrelated,n01000,R10000,s065.kp,4019521,2532772,0.003991842269897461
00Uncorrelated,n01000,R10000,s066.kp,4010613,2472556,0.001993894577026367
00Uncorrelated,n01000,R10000,s067.kp,4155416,2415907,0.002028226852416992
00Uncorrelated,n01000,R10000,s068.kp,4096689,2491657,0.0029938220977783203
00Uncorrelated,n01000,R10000,s069.kp,4008950,2486144,0.0040073394775390625
00Uncorrelated,n01000,R10000,s070.kp,4034576,2483288,0.004024028778076172
00Uncorrelated,n01000,R10000,s071.kp,4055456,2451235,0.004022359848022461
00Uncorrelated,n01000,R10000,s072.kp,4164781,2458780,0.0019910335540771484
00Uncorrelated,n01000,R10000,s073.kp,3955066,2381926,0.002029895782470703
00Uncorrelated,n01000,R10000,s074.kp,4129973,2530677,0.002991199493408203
00Uncorrelated,n01000,R10000,s075.kp,4099176,2439890,0.003022432327270508
00Uncorrelated,n01000,R10000,s076.kp,4078241,2486809,0.0020296573638916016
00Uncorrelated,n01000,R10000,s077.kp,4036031,2413799,0.002992391586303711
00Uncorrelated,n01000,R10000,s078.kp,4010958,2577629,0.003988981246948242
00Uncorrelated,n01000,R10000,s079.kp,4048427,2456369,0.0029916763305664062
00Uncorrelated,n01000,R10000,s080.kp,4115810,2408271,0.00299072265625
00Uncorrelated,n01000,R10000,s081.kp,3997737,2469389,0.0029935836791992188
00Uncorrelated,n01000,R10000,s082.kp,4030476,2496944,0.0029916763305664062
00Uncorrelated,n01000,R10000,s083.kp,4079162,2503317,0.0029916763305664062
00Uncorrelated,n01000,R10000,s084.kp,4195169,2407973,0.0029914379119873047
00Uncorrelated,n01000,R10000,s085.kp,4005819,2476457,0.0029904842376708984
00Uncorrelated,n01000,R10000,s086.kp,4046924,2444150,0.0019953250885009766
00Uncorrelated,n01000,R10000,s087.kp,3882548,2485363,0.003988027572631836
00Uncorrelated,n01000,R10000,s088.kp,4094971,2497678,0.0019931793212890625
00Uncorrelated,n01000,R10000,s089.kp,4092529,2447884,0.0029914379119873047
00Uncorrelated,n01000,R10000,s090.kp,4115465,2526321,0.0029931068420410156
00Uncorrelated,n01000,R10000,s091.kp,4158454,2407654,0.0019941329956054688
00Uncorrelated,n01000,R10000,s092.kp,4076591,2451364,0.003987550735473633
00Uncorrelated,n01000,R10000,s093.kp,4098821,2510651,0.0039882659912109375
00Uncorrelated,n01000,R10000,s094.kp,4107154,2506978,0.002992868423461914
00Uncorrelated,n01000,R10000,s095.kp,3941052,2515711,0.0029647350311279297
00Uncorrelated,n01000,R10000,s096.kp,3891803,2610512,0.005955219268798828
00Uncorrelated,n01000,R10000,s097.kp,4051686,2478526,0.001994609832763672
00Uncorrelated,n01000,R10000,s098.kp,4009089,2456851,0.00299072265625
00Uncorrelated,n01000,R10000,s099.kp,3993040,2404046,0.001992940902709961